{
  "project_info": {
    "project_number": "360648923218",
    "firebase_url": "https://travelmantics-4c225.firebaseio.com",
    "project_id": "travelmantics-4c225",
    "storage_bucket": "travelmantics-4c225.appspot.com"
  },
  "client": [
    {
      "client_info": {
        "mobilesdk_app_id": "1:360648923218:android:c19f8f8488546399",
        "android_client_info": {
          "package_name": "com.example.android.travelmantics"
        }
      },
      "oauth_client": [
        {
          "client_id": "360648923218-v2grrunj4vtvcooditvmcv0tq1ji7189.apps.googleusercontent.com",
          "client_type": 1,
          "android_info": {
            "package_name": "com.example.android.travelmantics",
            "certificate_hash": "56ce3c40feb88b0744f1a3378b37c19614b740b3"
          }
        },
        {
          "client_id": "360648923218-lot71r80rt9e0266nj592igu41kooog9.apps.googleusercontent.com",
          "client_type": 3
        }
      ],
      "api_key": [
        {
          "current_key": "AIzaSyDWhqYSrw29FEk96zYDNsNzkgk_M2F7UXY"
        }
      ],
      "services": {
        "appinvite_service": {
          "other_platform_oauth_client": [
            {
              "client_id": "360648923218-lot71r80rt9e0266nj592igu41kooog9.apps.googleusercontent.com",
              "client_type": 3
            }
          ]
        }
      }
    }
  ],
  "configuration_version": "1"
}